Timestamp,PM2.5 (µg/m³),PM10 (µg/m³),NO (µg/m³),NO2 (µg/m³),NOx (ppb),NH3 (µg/m³),SO2 (µg/m³),CO (mg/m³),Ozone (µg/m³),Benzene (µg/m³),Toluene (µg/m³),Xylene (µg/m³),O Xylene (µg/m³),Eth-Benzene (µg/m³),MP-Xylene (µg/m³),AT (°C),RH (%),WS (m/s),WD (deg),RF (mm),TOT-RF (mm),SR (W/mt2),BP (mmHg),VWS (m/s)
2021-01-01 00:00:00,116.55,215.61,4.10,68.53,38.78,16.01,3.63,1.01,72.68,NA,NA,NA,NA,NA,NA,23.22,67.99,1.80,115.26,0.00,0.00,93.14,752.64,0.07
2021-01-02 00:00:00,115.47,210.34,3.76,39.55,24.05,23.47,3.94,0.96,76.36,5.27,12.65,1.33,NA,NA,NA,22.97,68.90,1.65,117.94,0.00,0.00,89.93,752.32,0.06
2021-01-03 00:00:00,110.20,199.56,5.04,50.10,30.74,22.06,5.57,0.98,62.04,4.02,7.68,1.49,NA,NA,NA,22.73,68.67,1.60,103.11,0.00,0.00,102.12,751.27,0.06
2021-01-04 00:00:00,80.61,145.88,2.50,32.56,19.37,17.10,10.88,0.76,55.64,3.43,6.51,1.26,NA,NA,NA,23.13,67.90,1.89,100.92,0.00,0.00,110.78,751.24,0.07
2021-01-05 00:00:00,80.59,162.99,3.70,39.72,24.14,16.46,15.03,0.78,35.76,12.35,30.54,2.83,NA,NA,NA,23.07,74.29,1.79,133.15,0.53,43.80,83.80,751.24,0.07
2021-01-06 00:00:00,71.92,126.66,2.99,37.69,22.45,14.68,16.81,0.84,34.79,3.38,4.32,1.33,NA,NA,NA,24.25,68.71,1.80,93.54,0.00,0.00,72.51,750.32,0.04
2021-01-07 00:00:00,64.73,131.88,7.07,25.12,18.73,11.12,15.16,0.76,30.54,3.38,5.29,1.21,NA,NA,NA,24.70,74.04,1.24,90.73,0.00,0.00,108.85,748.94,0.06
2021-01-08 00:00:00,37.57,80.08,8.15,34.15,24.79,7.83,15.72,0.54,23.13,2.66,6.96,1.67,NA,NA,NA,24.59,70.76,1.58,214.45,0.00,0.00,133.11,749.12,0.07
2021-01-09 00:00:00,48.61,93.15,6.17,37.75,25.10,9.82,15.29,0.70,25.43,2.18,4.32,1.44,NA,NA,NA,24.26,73.22,1.64,199.89,0.00,0.00,114.03,749.78,0.04
2021-01-10 00:00:00,68.93,175.94,51.47,74.88,81.19,9.98,17.31,1.40,23.20,5.39,12.60,5.22,NA,NA,NA,24.67,66.12,1.06,67.19,0.00,0.00,112.79,749.91,0.03
2021-01-11 00:00:00,101.84,259.36,57.29,94.44,96.81,17.43,16.71,1.75,30.29,4.82,13.58,5.36,NA,NA,NA,24.54,63.79,0.97,26.00,0.00,0.00,103.08,750.64,0.03
2021-01-12 00:00:00,101.04,263.30,60.06,76.64,89.60,15.03,13.96,1.45,28.14,4.34,10.81,5.37,NA,NA,NA,24.02,67.74,1.03,52.55,0.00,0.00,107.62,750.75,0.03
2021-01-13 00:00:00,129.03,261.14,49.48,80.60,83.09,30.79,18.08,2.11,25.01,7.18,14.60,5.27,NA,NA,NA,23.43,77.30,1.09,NA,0.00,0.00,99.34,750.52,0.02
2021-01-14 00:00:00,77.43,134.47,10.40,34.01,26.54,17.30,14.49,0.86,28.43,3.76,14.07,1.57,NA,NA,NA,23.77,79.12,1.37,235.67,0.00,0.00,109.73,750.30,0.04
2021-01-15 00:00:00,82.11,166.72,16.79,48.42,39.40,15.32,18.41,0.98,30.01,4.77,7.24,2.21,NA,NA,NA,23.96,76.62,1.45,NA,0.00,0.00,105.03,749.69,-0.02
2021-01-16 00:00:00,69.75,149.60,8.70,44.23,30.60,15.20,20.77,0.70,27.92,3.74,17.50,1.63,NA,NA,NA,23.67,76.92,1.68,NA,0.00,0.00,104.62,748.91,-0.03
2021-01-17 00:00:00,73.08,113.64,9.59,43.45,30.91,15.28,18.03,0.72,31.06,3.39,11.24,1.61,NA,NA,NA,23.72,76.56,1.55,266.50,0.00,0.00,115.02,750.74,0.05
2021-01-18 00:00:00,83.93,134.86,2.95,24.89,15.64,19.64,17.40,0.71,38.20,2.57,6.35,0.62,NA,NA,NA,22.89,72.95,2.22,316.70,0.00,0.00,111.55,751.39,0.08
2021-01-19 00:00:00,83.11,147.42,6.17,41.76,27.23,16.53,2.18,0.84,53.96,2.47,4.88,1.44,NA,NA,NA,NA,68.54,1.50,NA,0.00,0.00,162.40,750.82,0.01
2021-01-20 00:00:00,100.52,226.90,26.52,72.30,60.02,20.20,10.05,1.14,24.46,5.06,16.35,4.21,NA,NA,NA,NA,77.11,1.50,NA,0.00,0.00,100.98,750.69,-0.02
2021-01-21 00:00:00,91.91,177.29,9.58,58.38,38.84,21.13,16.81,1.07,27.05,3.96,12.10,2.00,NA,NA,NA,25.78,76.21,1.54,312.00,0.00,0.00,101.34,750.09,-0.01
2021-01-22 00:00:00,93.37,156.72,2.50,27.69,16.73,22.18,15.29,0.82,32.62,3.77,11.43,0.90,NA,NA,NA,24.40,77.71,1.87,38.29,0.00,0.00,90.43,750.79,0.08
2021-01-23 00:00:00,80.48,155.79,15.90,48.05,38.50,15.78,14.67,0.92,28.35,3.72,8.32,3.15,NA,NA,NA,25.25,76.80,1.59,107.00,0.00,0.00,116.65,750.68,0.06
2021-01-24 00:00:00,90.02,176.73,8.86,46.73,31.80,20.71,16.04,0.99,24.37,5.17,14.31,2.09,NA,NA,NA,25.31,74.70,1.91,NA,0.00,0.00,126.86,750.95,-0.05
2021-01-25 00:00:00,68.07,136.49,13.06,52.34,38.46,16.86,15.95,0.86,17.50,4.29,16.04,2.14,NA,NA,NA,24.32,75.56,1.66,NA,0.00,0.00,110.43,751.49,-0.04
2021-01-26 00:00:00,62.51,126.18,10.60,47.57,33.92,15.61,17.02,0.70,16.34,4.84,10.04,1.74,NA,NA,NA,24.18,74.99,1.50,NA,0.00,0.00,89.07,751.14,-0.05
2021-01-27 00:00:00,69.92,145.15,16.94,26.27,27.07,20.23,16.06,0.84,21.44,4.63,10.56,2.73,NA,NA,NA,25.03,73.48,1.10,58.50,0.00,0.00,97.89,750.55,0.01
2021-01-28 00:00:00,81.59,173.20,24.83,41.89,42.47,21.88,12.50,0.88,27.26,2.95,6.43,3.57,NA,NA,NA,24.83,75.49,1.64,146.62,0.00,0.00,100.27,751.54,0.08
2021-01-29 00:00:00,77.60,144.53,4.21,26.88,17.72,19.73,16.55,0.76,34.91,1.78,2.40,0.78,NA,NA,NA,25.53,70.55,1.44,NA,0.00,0.00,99.56,751.65,-0.01
2021-01-30 00:00:00,89.11,204.99,23.96,55.09,48.78,24.75,13.99,0.88,31.20,2.59,8.24,3.32,NA,NA,NA,24.77,73.85,1.28,NA,0.00,0.00,115.03,751.22,0.05
2021-01-31 00:00:00,72.76,124.98,2.94,22.89,14.57,43.18,17.44,0.83,32.40,1.31,2.61,0.65,NA,NA,NA,26.04,71.07,2.43,15.00,0.00,0.00,129.69,752.36,0.11
2021-02-01 00:00:00,111.58,183.23,3.40,33.28,20.48,68.61,16.38,1.09,27.17,1.97,3.32,0.69,NA,NA,NA,23.74,72.27,2.26,305.25,0.00,0.00,99.34,753.32,0.09
2021-02-02 00:00:00,82.58,148.84,5.87,47.17,29.86,71.94,17.24,0.84,39.71,1.63,4.31,0.82,NA,NA,NA,23.96,65.09,1.55,114.42,0.00,0.00,122.77,753.45,0.09
2021-02-03 00:00:00,81.75,239.27,33.93,79.33,69.78,57.94,11.61,1.52,27.56,4.44,6.36,2.70,NA,NA,NA,23.04,60.34,1.12,121.27,0.00,0.00,147.80,752.94,0.04
2021-02-04 00:00:00,68.49,238.68,62.65,71.85,89.20,76.62,10.73,0.34,28.25,3.49,4.83,3.93,NA,NA,NA,22.86,58.43,1.21,118.46,0.00,0.00,146.50,752.44,0.06
2021-02-05 00:00:00,74.97,234.63,50.10,67.99,76.94,98.42,7.01,0.35,30.17,3.77,9.29,4.35,NA,NA,NA,22.53,59.82,1.22,113.67,0.00,0.00,133.02,751.60,0.05
2021-02-06 00:00:00,74.43,208.49,58.00,66.41,82.52,122.58,9.16,0.36,33.46,3.99,11.42,4.88,NA,NA,NA,23.58,61.14,1.29,121.40,0.00,0.00,152.91,751.04,0.07
2021-02-07 00:00:00,73.83,206.15,61.11,49.56,76.04,97.56,9.58,0.37,28.78,3.19,16.27,6.13,NA,NA,NA,20.85,70.56,1.53,131.20,0.00,0.00,91.91,751.20,0.06
2021-02-08 00:00:00,58.84,100.12,18.38,34.24,39.90,11.04,12.36,0.31,29.47,2.68,6.13,2.01,NA,NA,NA,23.36,68.05,2.05,144.86,0.00,0.00,125.58,752.35,0.07
2021-02-09 00:00:00,86.17,193.68,55.85,60.20,83.69,14.00,13.77,0.38,37.28,5.50,14.01,6.61,NA,NA,NA,22.25,69.01,1.11,128.65,0.00,0.00,125.30,751.57,0.06
2021-02-10 00:00:00,76.72,175.02,23.79,53.75,48.02,12.05,11.33,0.38,42.83,3.67,7.26,3.08,NA,NA,NA,25.27,66.37,1.66,148.72,0.00,0.00,205.19,750.23,0.06
2021-02-11 00:00:00,72.97,138.87,15.80,46.94,37.82,10.45,11.14,0.38,34.18,3.47,8.15,1.96,NA,NA,NA,24.58,71.75,1.47,165.40,0.00,0.00,170.52,750.12,0.01
2021-02-12 00:00:00,53.51,120.60,18.31,38.29,35.28,12.28,10.70,0.38,38.70,2.95,7.31,2.57,NA,NA,NA,24.36,68.93,1.41,157.84,0.00,0.00,179.22,750.89,0.09
2021-02-13 00:00:00,34.17,105.05,33.00,42.78,49.67,5.84,14.68,0.15,14.50,3.60,6.29,3.37,NA,NA,NA,24.62,68.34,1.65,186.71,0.00,0.00,169.41,752.14,-0.01
2021-02-14 00:00:00,42.37,118.34,34.71,49.21,54.45,7.15,11.36,0.01,13.73,4.43,8.24,2.54,NA,NA,NA,23.16,71.20,1.61,202.97,0.00,0.00,137.18,751.91,-0.04
2021-02-15 00:00:00,43.69,125.92,33.16,54.34,55.88,6.67,11.96,0.05,12.85,3.60,10.88,9.16,NA,NA,NA,22.95,72.90,1.48,213.30,0.00,0.00,104.90,751.42,-0.01
2021-02-16 00:00:00,54.57,139.72,21.56,54.75,46.65,5.89,10.51,0.00,12.61,4.04,7.66,2.46,NA,NA,NA,26.26,67.98,2.55,205.62,0.00,0.00,146.84,750.49,-0.10
2021-02-17 00:00:00,68.75,140.69,15.04,34.37,30.55,9.73,13.15,0.28,28.07,3.16,9.12,1.57,NA,NA,NA,24.73,72.96,1.94,162.87,0.00,0.00,126.54,751.52,0.08
2021-02-18 00:00:00,58.44,113.23,8.18,26.44,20.75,8.28,13.64,0.64,22.48,1.74,4.02,0.82,NA,NA,NA,25.38,73.45,1.89,163.41,0.00,0.00,125.11,752.57,0.09
2021-02-19 00:00:00,52.13,103.36,26.04,30.32,37.35,11.18,14.35,1.15,29.12,1.84,3.64,0.93,NA,NA,NA,24.44,68.81,2.06,163.26,0.00,0.00,89.49,753.34,0.10
2021-02-20 00:00:00,44.28,87.28,4.95,28.36,19.16,9.99,13.94,0.56,25.69,1.74,2.96,1.00,NA,NA,NA,24.07,69.17,1.89,141.45,0.00,0.00,46.90,753.26,0.09
2021-02-21 00:00:00,50.37,102.19,6.10,33.29,22.71,9.80,14.28,0.69,26.38,1.72,3.88,1.01,NA,NA,NA,24.47,67.62,1.81,187.22,0.00,0.00,86.81,753.16,0.08
2021-02-22 00:00:00,53.31,165.55,38.12,61.94,63.94,14.54,12.83,0.83,31.20,3.72,7.97,3.71,NA,NA,NA,25.28,60.71,1.29,180.37,0.00,0.00,136.19,752.49,0.07
2021-02-23 00:00:00,76.56,215.61,47.65,57.60,69.42,14.02,11.21,1.01,23.48,4.87,10.81,4.89,NA,NA,NA,24.91,65.58,1.29,165.36,0.00,0.00,134.52,751.35,0.00
2021-02-24 00:00:00,61.07,147.16,20.90,51.63,44.49,10.60,9.89,0.84,15.10,3.81,15.43,3.24,NA,NA,NA,25.23,72.24,1.91,215.82,0.00,0.00,130.22,750.39,-0.04
2021-02-25 00:00:00,52.01,131.08,14.25,48.97,37.68,11.28,11.79,0.77,15.42,3.99,9.95,2.52,NA,NA,NA,27.19,72.61,2.20,319.00,0.00,0.00,138.42,749.61,-0.04
2021-02-26 00:00:00,62.10,147.43,18.04,47.65,40.06,10.17,11.14,0.75,15.05,4.10,12.15,5.23,NA,NA,NA,27.16,75.36,1.93,NA,0.00,0.00,127.42,748.29,-0.01
2021-02-27 00:00:00,64.35,150.28,17.10,41.52,36.05,10.41,10.20,0.99,14.21,4.28,7.97,2.60,NA,NA,NA,27.03,79.00,2.58,NA,0.00,0.00,146.44,747.82,-0.10
2021-02-28 00:00:00,52.40,134.77,16.05,39.92,34.33,11.79,11.69,0.75,11.70,3.30,9.18,1.95,NA,NA,NA,26.83,78.99,2.05,NA,0.00,0.00,131.45,748.99,-0.05
2021-03-01 00:00:00,36.61,104.98,22.05,46.71,42.83,13.82,10.56,0.60,10.73,2.79,7.05,2.08,NA,NA,NA,27.07,74.48,2.48,316.71,0.00,0.00,143.71,750.44,-0.05
2021-03-02 00:00:00,46.89,141.33,22.62,56.84,48.68,18.29,9.93,0.76,10.73,3.63,8.49,2.24,NA,NA,NA,28.43,68.89,2.27,321.00,0.00,0.00,137.02,749.79,-0.06
2021-03-03 00:00:00,56.57,162.00,11.51,60.86,41.79,22.67,13.53,0.88,19.25,4.43,11.88,2.48,NA,NA,NA,29.72,64.75,1.83,282.36,0.00,0.00,188.97,749.79,0.00
2021-03-04 00:00:00,52.73,160.76,25.37,60.56,52.90,24.52,10.12,0.98,15.29,3.62,12.47,2.64,NA,NA,NA,27.45,67.29,1.60,277.37,0.00,0.00,132.84,750.35,-0.00
2021-03-05 00:00:00,56.16,179.46,17.86,60.35,46.63,26.00,11.84,0.88,13.50,7.16,8.87,5.01,NA,NA,NA,27.83,64.87,2.02,225.30,0.00,0.00,146.83,750.49,-0.05
2021-03-06 00:00:00,45.85,152.25,18.29,59.30,46.20,29.91,6.45,0.89,12.57,2.43,10.63,2.18,NA,NA,NA,28.34,59.46,2.21,203.87,0.00,0.00,145.05,750.05,-0.09
2021-03-07 00:00:00,35.28,100.95,16.36,43.61,36.55,35.66,8.39,0.63,10.73,1.55,3.46,5.35,NA,NA,NA,26.68,78.31,2.40,251.55,0.00,0.00,127.04,750.19,-0.04
2021-03-08 00:00:00,22.75,68.90,18.71,32.91,32.79,34.94,8.53,0.59,10.57,1.61,5.31,1.50,NA,NA,NA,26.83,78.75,2.37,231.53,0.00,0.00,138.27,750.83,-0.09
2021-03-09 00:00:00,19.25,83.94,26.25,38.86,42.02,38.43,8.01,0.80,10.35,4.75,15.82,7.11,NA,NA,NA,27.00,74.92,2.59,228.97,0.00,0.00,182.08,751.63,-0.08
2021-03-10 00:00:00,19.90,88.28,23.06,36.03,37.96,36.93,8.79,0.70,10.40,1.63,4.08,1.83,NA,NA,NA,26.66,75.77,2.61,231.70,0.00,0.00,144.65,750.82,-0.09
2021-03-11 00:00:00,19.98,81.81,27.72,35.56,41.50,37.99,7.37,0.76,10.26,1.81,8.03,1.93,NA,NA,NA,27.30,76.37,2.77,232.33,0.00,0.00,148.27,750.82,-0.09
2021-03-12 00:00:00,24.68,86.12,29.82,38.23,44.63,36.29,8.45,0.68,11.24,2.04,4.16,5.29,NA,NA,NA,27.67,69.86,2.44,231.29,0.00,0.00,153.51,751.70,-0.08
2021-03-13 00:00:00,18.85,61.50,18.97,37.31,35.27,37.63,7.86,0.63,12.98,1.80,6.00,13.50,NA,NA,NA,27.22,68.17,2.00,216.73,0.00,0.00,175.33,751.42,-0.02
2021-03-14 00:00:00,13.64,51.06,6.01,20.20,15.70,32.96,9.45,0.48,15.48,1.42,4.25,1.18,NA,NA,NA,28.46,72.59,1.96,153.57,0.00,0.00,191.63,750.48,-0.01
2021-03-15 00:00:00,22.62,87.45,27.88,32.91,38.83,28.75,10.44,0.53,16.17,1.97,4.17,1.85,NA,NA,NA,27.54,75.88,1.31,191.92,0.00,0.00,198.73,750.16,0.00
2021-03-16 00:00:00,42.61,100.43,9.63,38.25,28.18,31.15,7.92,0.81,14.48,3.45,42.37,17.61,NA,NA,NA,28.97,74.89,2.53,207.02,0.00,0.00,174.72,749.07,-0.07
2021-03-17 00:00:00,52.77,119.78,14.36,46.27,36.33,32.29,7.41,0.76,12.47,3.47,15.27,4.12,NA,NA,NA,27.65,77.27,2.13,231.52,0.00,0.00,145.81,748.99,-0.03
2021-03-18 00:00:00,52.55,117.62,13.26,46.79,35.72,31.71,8.32,0.72,14.16,2.71,8.64,2.31,NA,NA,NA,27.12,75.49,2.04,237.69,0.00,0.00,95.75,749.04,-0.03
2021-03-19 00:00:00,56.27,133.19,15.96,48.02,38.57,32.52,8.12,0.80,13.78,3.30,15.23,2.41,NA,NA,NA,28.43,69.48,2.08,231.99,0.00,0.00,131.22,748.83,-0.04
2021-03-20 00:00:00,68.71,154.92,12.22,51.66,37.46,37.25,7.29,0.98,17.00,4.12,13.04,2.45,NA,NA,NA,28.15,73.22,1.70,219.18,0.00,0.00,111.58,747.78,0.01
2021-03-21 00:00:00,57.94,133.80,10.89,42.98,31.76,34.93,8.59,0.77,13.61,3.50,12.91,1.62,NA,NA,NA,29.04,74.86,2.00,232.29,0.00,0.00,130.33,747.47,0.00
2021-03-22 00:00:00,55.48,162.78,15.05,50.84,39.33,31.79,8.74,0.76,12.25,3.15,10.87,2.60,NA,NA,NA,29.61,68.14,1.82,237.72,0.00,0.00,124.31,748.99,-0.03
2021-03-23 00:00:00,64.52,212.40,18.66,53.96,43.92,33.41,9.51,0.81,21.71,3.43,13.23,2.57,NA,NA,NA,30.14,62.28,1.76,224.09,0.00,0.00,166.23,749.50,-0.00
2021-03-24 00:00:00,81.27,245.23,29.45,66.37,59.00,35.12,7.21,1.15,22.46,4.33,13.25,4.11,NA,NA,NA,29.73,63.77,1.44,208.72,0.00,0.00,171.59,749.44,0.00
2021-03-25 00:00:00,76.34,227.51,15.40,72.02,50.92,34.28,8.96,1.14,23.05,3.46,12.66,3.16,NA,NA,NA,30.70,60.36,1.83,215.15,0.00,0.00,150.99,748.52,-0.00
2021-03-26 00:00:00,69.20,195.93,16.70,61.92,46.55,30.89,8.76,1.11,15.82,3.70,9.51,2.63,NA,NA,NA,30.75,62.79,1.78,229.13,0.00,0.00,145.88,748.21,-0.03
2021-03-27 00:00:00,70.72,199.09,12.66,53.36,38.72,34.58,4.86,1.05,12.37,4.64,9.07,2.58,NA,NA,NA,29.55,74.06,1.57,211.85,0.00,0.00,121.38,747.93,-0.02
2021-03-28 00:00:00,65.64,177.53,26.20,45.93,45.73,35.01,3.93,0.94,11.78,3.57,9.06,2.81,NA,NA,NA,29.30,76.66,1.73,212.50,0.00,0.00,123.31,747.19,-0.07
2021-03-29 00:00:00,54.67,145.69,20.45,44.72,40.45,29.98,7.97,1.03,10.65,3.78,8.17,2.34,NA,NA,NA,29.87,74.64,2.47,238.14,0.00,0.00,142.23,746.53,-0.05
2021-03-30 00:00:00,51.80,155.86,18.49,54.40,44.02,31.12,5.32,1.01,10.56,5.67,9.52,2.63,NA,NA,NA,31.39,72.42,3.17,253.22,0.00,0.00,160.70,744.41,-0.06
2021-03-31 00:00:00,65.81,161.98,10.18,56.76,38.51,40.10,12.89,0.97,11.60,5.18,11.28,2.97,NA,NA,NA,32.02,75.27,2.97,265.66,0.00,0.00,148.96,742.76,-0.01
2021-04-01 00:00:00,85.26,161.94,9.43,46.69,32.56,42.45,16.08,0.77,11.77,3.99,8.80,2.20,NA,NA,NA,30.19,80.27,2.48,238.56,0.00,0.00,165.42,743.02,-0.07
2021-04-02 00:00:00,NA,NA,NA,NA,NA,NA,NA,NA,NA,NA,NA,NA,NA,NA,NA,NA,NA,NA,NA,NA,0.00,NA,NA,NA
2021-04-03 00:00:00,NA,NA,NA,NA,NA,NA,NA,NA,NA,NA,NA,NA,NA,NA,NA,NA,NA,NA,NA,NA,0.00,NA,NA,NA
2021-04-04 00:00:00,NA,NA,NA,NA,NA,NA,NA,NA,NA,NA,NA,NA,NA,NA,NA,NA,NA,NA,NA,NA,0.00,NA,NA,NA
2021-04-05 00:00:00,37.39,110.18,1.74,26.87,15.10,41.97,13.71,0.48,12.31,2.16,3.86,1.60,NA,NA,NA,30.56,74.86,2.29,189.85,0.00,0.00,198.47,748.17,0.00
2021-04-06 00:00:00,45.73,135.43,2.15,35.68,20.17,29.55,13.03,0.49,11.17,3.10,12.14,1.37,NA,NA,NA,29.29,76.49,2.18,219.54,0.00,0.00,160.91,748.92,-0.05
2021-04-07 00:00:00,42.31,134.21,2.20,36.01,20.53,29.66,11.42,0.45,10.76,1.47,3.84,1.46,NA,NA,NA,28.91,76.73,2.67,224.74,0.00,0.00,144.19,749.01,-0.07
2021-04-08 00:00:00,39.88,131.68,5.91,33.95,22.56,24.30,13.95,0.74,10.59,1.57,3.60,1.44,NA,NA,NA,29.39,75.81,2.76,231.15,0.00,0.00,138.71,747.60,-0.07
2021-04-09 00:00:00,33.78,102.79,10.88,39.03,29.66,27.72,14.50,0.67,10.84,2.24,6.35,1.48,NA,NA,NA,29.04,75.85,2.39,229.18,0.00,0.00,126.96,747.89,-0.08
2021-04-10 00:00:00,26.98,77.26,11.35,35.28,28.04,25.99,13.50,0.54,11.15,2.06,3.62,1.20,NA,NA,NA,28.89,74.33,1.84,211.33,0.00,0.00,137.13,749.15,-0.02
2021-04-11 00:00:00,23.75,69.51,18.59,37.15,34.92,22.87,13.96,0.52,9.74,1.97,7.98,1.39,NA,NA,NA,29.34,74.23,2.31,223.88,0.00,0.00,166.02,749.63,-0.07
2021-04-12 00:00:00,34.97,88.97,23.59,33.00,36.78,23.30,13.72,0.56,9.65,1.71,3.68,1.36,NA,NA,NA,29.88,75.57,2.17,222.22,0.00,0.00,154.68,749.87,-0.05
2021-04-13 00:00:00,30.09,86.90,23.28,36.32,38.29,23.80,13.31,0.55,10.00,2.10,8.31,1.58,NA,NA,NA,30.09,73.51,2.40,238.81,0.00,0.00,154.51,749.23,-0.07
2021-04-14 00:00:00,29.57,89.73,17.31,37.24,33.93,23.52,12.70,0.36,10.82,1.68,6.93,1.56,NA,NA,NA,29.96,70.92,2.56,215.40,0.00,0.00,186.92,748.69,-0.03
2021-04-15 00:00:00,35.36,109.82,19.33,58.67,46.97,23.89,14.39,0.54,10.59,3.17,7.46,2.40,NA,NA,NA,28.36,68.16,2.03,253.83,0.00,0.00,77.76,748.03,-0.02
2021-04-16 00:00:00,12.95,50.72,12.27,43.60,33.22,25.57,13.88,0.38,11.22,2.09,11.67,1.72,NA,NA,NA,29.02,69.39,2.58,229.00,0.00,0.00,171.33,747.78,-0.09
2021-04-17 00:00:00,10.22,38.59,11.76,38.34,30.00,23.59,14.44,0.39,10.48,1.42,5.19,1.11,NA,NA,NA,29.50,74.66,2.42,221.51,0.00,0.00,175.72,748.65,-0.08
2021-04-18 00:00:00,13.35,46.19,12.81,33.34,28.19,23.01,15.74,0.55,9.84,1.26,3.38,0.94,NA,NA,NA,30.20,76.02,2.63,217.87,0.00,0.00,157.29,748.91,-0.09
2021-04-19 00:00:00,25.93,84.25,14.27,37.56,31.63,27.91,14.26,0.64,10.98,3.06,4.72,1.96,NA,NA,NA,29.92,75.68,2.74,218.38,0.03,2.50,140.54,747.18,-0.06
2021-04-20 00:00:00,37.19,114.17,10.81,45.60,32.60,25.57,9.01,0.43,10.42,3.11,5.93,1.87,NA,NA,NA,28.47,76.36,1.69,224.45,0.00,0.00,58.16,747.36,-0.06
2021-04-21 00:00:00,28.87,85.26,8.94,31.37,24.00,23.12,11.41,0.04,10.13,1.92,4.37,1.38,NA,NA,NA,31.03,75.84,2.52,222.78,0.00,0.00,141.28,747.91,-0.10
2021-04-22 00:00:00,26.47,93.52,12.51,33.21,27.89,25.86,12.78,0.26,10.32,1.93,5.57,1.48,NA,NA,NA,31.40,73.66,2.56,219.95,0.00,0.00,161.00,748.25,-0.07
2021-04-23 00:00:00,30.66,100.95,17.67,48.79,40.37,25.90,13.50,0.23,10.38,3.68,8.32,2.03,NA,NA,NA,29.38,71.06,2.21,233.00,0.00,0.00,120.57,748.03,-0.03
2021-04-24 00:00:00,47.80,139.02,23.52,45.45,43.34,28.47,9.69,0.26,14.59,3.95,10.15,3.29,NA,NA,NA,29.63,73.49,1.69,223.04,0.00,0.00,162.62,747.87,-0.01
2021-04-25 00:00:00,33.12,75.64,11.73,31.12,26.13,26.18,13.87,0.09,11.63,2.13,10.34,1.17,NA,NA,NA,30.70,76.91,2.69,223.00,0.00,0.00,175.92,747.45,-0.10
2021-04-26 00:00:00,33.88,95.43,14.37,34.22,29.93,25.02,13.90,0.10,11.13,2.34,5.03,1.34,NA,NA,NA,30.15,76.40,2.90,229.91,0.00,0.00,161.81,747.17,-0.10
2021-04-27 00:00:00,33.63,100.99,11.28,35.94,28.33,26.59,13.37,0.14,11.36,2.03,4.15,1.24,NA,NA,NA,30.59,73.34,2.68,223.27,0.00,0.00,157.56,747.51,-0.08
2021-04-28 00:00:00,34.47,96.57,10.58,37.64,28.67,25.49,13.96,0.27,19.28,1.64,4.35,1.32,NA,NA,NA,30.87,74.20,2.62,232.48,0.00,0.00,171.50,747.92,-0.08
2021-04-29 00:00:00,31.44,83.37,10.01,29.69,23.98,24.87,13.97,0.43,14.22,1.63,3.86,0.93,NA,NA,NA,30.35,76.30,2.51,215.03,0.04,3.50,147.76,747.92,-0.08
2021-04-30 00:00:00,39.52,88.37,12.48,34.91,28.77,23.76,13.94,0.26,10.38,2.68,6.33,1.33,NA,NA,NA,29.81,74.93,1.94,205.78,0.00,0.00,148.65,747.47,-0.05
2021-05-01 00:00:00,29.62,92.52,18.46,32.50,32.34,21.43,11.22,0.60,18.87,2.53,4.33,1.20,NA,NA,NA,29.93,74.67,1.81,214.42,0.00,0.00,104.05,748.00,-0.02
2021-05-02 00:00:00,21.19,67.49,19.77,29.76,31.95,22.04,11.49,0.20,10.27,2.06,5.00,0.92,NA,NA,NA,30.21,76.35,2.33,228.20,0.00,0.00,143.19,747.86,-0.06
2021-05-03 00:00:00,20.17,64.13,18.75,29.33,30.89,23.47,12.04,0.36,12.58,2.00,9.54,1.20,NA,NA,NA,30.69,74.51,1.99,220.87,0.00,0.00,143.40,747.37,-0.06
2021-05-04 00:00:00,16.58,60.67,12.70,27.77,25.15,20.55,10.52,0.17,31.87,1.60,5.86,1.56,NA,NA,NA,30.03,73.06,2.16,207.35,0.01,0.50,136.65,747.46,-0.05
2021-05-05 00:00:00,14.64,66.52,17.48,29.27,29.83,21.17,12.36,0.37,12.95,1.85,4.90,1.45,NA,NA,NA,29.12,76.77,2.18,219.40,0.06,5.50,169.53,747.60,-0.05
2021-05-06 00:00:00,16.92,55.13,11.87,29.86,25.58,19.94,13.16,0.36,19.46,2.15,4.49,1.51,NA,NA,NA,30.20,72.83,1.73,179.45,0.03,2.50,175.90,748.47,-0.04
2021-05-07 00:00:00,8.19,27.95,16.19,18.21,22.85,25.14,14.51,0.09,23.95,1.87,7.11,1.46,NA,NA,NA,31.38,75.59,2.01,192.98,0.01,0.50,169.27,748.70,-0.06
2021-05-08 00:00:00,9.20,27.04,9.19,15.26,15.64,17.25,13.88,0.12,22.55,1.27,4.07,0.68,NA,NA,NA,31.47,74.68,2.13,185.35,0.00,0.00,178.70,748.37,-0.06
2021-05-09 00:00:00,11.92,39.83,11.93,22.71,21.82,17.53,13.60,0.14,22.63,1.89,6.63,1.34,NA,NA,NA,30.92,74.30,2.28,204.31,0.00,0.00,166.55,747.44,-0.07
2021-05-10 00:00:00,11.58,49.07,15.20,25.15,25.78,17.09,13.97,0.12,22.73,2.49,8.73,1.24,NA,NA,NA,31.75,73.89,2.47,207.64,0.00,0.00,155.44,746.61,-0.08
2021-05-11 00:00:00,11.67,38.27,13.80,29.65,27.04,17.51,11.98,0.07,22.77,2.27,5.01,1.33,NA,NA,NA,29.26,75.69,3.07,213.50,0.14,12.00,150.72,746.51,-0.03
2021-05-12 00:00:00,17.27,52.22,17.93,37.15,34.40,19.05,12.99,0.19,21.53,3.52,17.43,1.80,NA,NA,NA,30.12,72.91,2.69,213.10,0.00,0.00,251.72,745.03,-0.08
2021-05-13 00:00:00,12.88,46.97,15.76,29.38,28.29,22.82,11.53,0.15,6.58,2.40,5.42,1.52,NA,NA,NA,32.25,76.69,3.06,211.09,0.00,0.00,160.67,744.50,-0.11
2021-05-14 00:00:00,21.85,58.45,17.19,35.59,32.72,29.17,11.52,0.18,5.24,2.73,6.43,1.75,NA,NA,NA,32.31,73.70,2.22,216.57,0.00,0.00,148.07,744.62,-0.05
2021-05-15 00:00:00,15.40,37.82,12.97,22.59,22.47,23.54,13.40,0.36,5.12,1.54,9.46,1.42,NA,NA,NA,32.26,75.04,1.81,186.40,0.00,0.00,181.37,745.60,-0.03
2021-05-16 00:00:00,4.71,13.73,3.53,6.23,5.89,19.63,14.12,0.31,7.31,0.47,1.88,0.45,NA,NA,NA,32.92,75.26,1.80,131.38,0.00,0.00,196.03,746.40,-0.01
2021-05-17 00:00:00,6.82,24.28,9.09,18.55,17.31,19.77,12.51,0.54,4.81,1.02,2.35,0.75,NA,NA,NA,33.09,74.49,2.11,178.24,0.00,0.00,208.12,746.49,-0.05
2021-05-18 00:00:00,9.95,35.68,12.49,28.66,25.45,18.80,12.78,0.56,4.67,1.31,8.03,0.99,NA,NA,NA,33.03,74.21,2.60,204.88,0.00,0.00,194.91,746.22,-0.09
2021-05-19 00:00:00,15.12,59.25,17.76,32.51,31.79,16.33,12.05,0.67,5.29,2.21,12.15,1.32,NA,NA,NA,33.00,74.01,2.88,215.64,0.00,0.00,187.76,745.41,-0.09
2021-05-20 00:00:00,13.86,47.20,12.57,31.66,27.11,18.94,11.86,0.53,5.34,1.87,7.31,1.23,NA,NA,NA,33.08,73.54,3.06,210.63,0.00,0.00,186.21,744.98,-0.09
2021-05-21 00:00:00,28.71,55.25,9.70,35.27,26.71,21.42,12.36,0.56,5.94,2.63,9.77,1.83,NA,NA,NA,33.43,72.81,2.89,213.49,0.00,0.00,237.29,744.41,-0.07
2021-05-22 00:00:00,26.38,66.70,8.26,32.32,24.00,22.82,11.15,0.62,8.11,2.63,9.32,1.55,NA,NA,NA,28.97,75.36,2.33,199.30,0.62,29.00,173.60,743.17,0.01
2021-05-23 00:00:00,45.01,106.19,12.89,44.30,34.09,24.68,11.19,0.74,10.53,3.66,9.69,2.17,NA,NA,NA,31.02,73.82,1.29,192.85,0.00,0.00,127.70,742.87,0.02
2021-05-24 00:00:00,62.72,162.49,18.14,51.58,42.22,23.50,8.38,0.73,6.30,5.71,22.66,4.88,NA,NA,NA,31.78,72.84,1.23,229.90,0.00,0.00,37.14,741.78,0.00
2021-05-25 00:00:00,49.63,183.10,10.56,55.25,37.97,16.60,10.65,0.68,5.91,3.67,15.33,3.95,NA,NA,NA,33.63,55.44,1.88,260.56,0.00,0.00,58.71,739.86,0.00
2021-05-26 00:00:00,37.27,152.57,7.37,56.88,36.26,19.71,12.53,0.71,7.11,4.04,22.64,2.36,NA,NA,NA,38.10,43.49,2.98,259.98,0.00,0.00,170.75,737.70,0.01
2021-05-27 00:00:00,64.46,169.37,8.94,47.91,32.75,122.63,10.64,0.65,8.00,3.66,15.35,2.04,NA,NA,NA,37.92,55.28,2.85,253.31,0.00,0.00,244.91,738.36,-0.00
2021-05-28 00:00:00,40.76,119.75,2.87,20.20,12.29,38.19,27.87,1.74,27.74,2.40,4.94,1.06,NA,NA,NA,36.36,66.63,0.57,162.53,0.01,0.50,243.02,742.88,-0.06
2021-05-29 00:00:00,30.88,136.70,6.36,38.55,25.54,25.65,11.43,1.07,21.29,2.41,16.97,1.81,NA,NA,NA,32.88,71.69,2.38,203.72,0.00,0.00,165.05,744.57,-0.05
2021-05-30 00:00:00,43.56,117.82,4.93,30.60,20.18,22.07,11.82,0.56,22.21,3.13,10.22,1.26,NA,NA,NA,33.25,75.77,2.34,201.22,0.00,0.00,160.29,744.03,-0.08
2021-05-31 00:00:00,34.81,105.19,4.82,34.23,22.05,18.06,12.45,0.66,20.95,3.40,5.85,1.37,NA,NA,NA,32.69,75.42,2.80,210.03,0.00,0.00,116.52,743.39,-0.08
2021-06-01 00:00:00,31.06,71.02,3.86,20.96,14.28,17.14,10.63,0.38,24.21,2.62,6.09,1.28,NA,NA,NA,33.24,75.96,2.69,181.26,0.00,0.00,184.50,744.92,-0.12
2021-06-02 00:00:00,28.47,65.53,5.78,24.83,17.91,14.64,11.64,0.61,23.55,1.91,4.80,0.89,NA,NA,NA,30.71,78.09,2.23,186.56,0.01,0.50,120.02,746.09,-0.03
2021-06-03 00:00:00,24.26,65.06,9.02,36.79,26.90,14.46,13.29,1.56,19.41,1.90,4.80,1.20,NA,NA,NA,30.32,76.99,1.70,201.09,0.00,0.00,100.22,747.19,-0.05
2021-06-04 00:00:00,30.11,71.52,11.47,34.14,27.49,13.14,12.94,0.49,19.65,2.55,9.35,0.99,NA,NA,NA,32.00,74.49,2.53,212.15,0.00,0.00,180.07,747.57,-0.08
2021-06-05 00:00:00,16.91,49.76,13.34,23.93,23.58,12.42,12.02,0.43,18.50,1.16,3.74,1.04,NA,NA,NA,32.25,73.48,2.96,205.08,0.00,0.00,186.61,747.22,-0.07
2021-06-06 00:00:00,11.48,41.27,14.69,21.64,23.46,13.88,14.09,0.35,18.45,1.55,8.20,1.04,NA,NA,NA,32.37,73.30,3.04,204.10,0.00,0.00,204.24,746.99,-0.08
2021-06-07 00:00:00,26.89,64.75,9.30,31.52,24.34,14.53,12.84,0.46,19.27,2.24,5.95,1.35,NA,NA,NA,32.91,73.57,2.88,205.91,0.00,0.00,197.25,745.80,-0.09
2021-06-08 00:00:00,34.47,97.92,8.28,40.20,28.16,16.17,13.39,0.46,19.58,2.34,6.58,1.97,NA,NA,NA,32.69,72.16,2.59,220.76,0.00,0.00,125.28,744.35,-0.05
2021-06-09 00:00:00,33.12,98.34,10.22,39.15,29.18,17.27,12.53,0.57,20.15,2.34,7.73,2.09,NA,NA,NA,32.68,72.26,2.55,221.85,0.11,9.50,135.20,742.91,-0.06
2021-06-10 00:00:00,43.63,97.42,17.79,47.43,39.73,17.05,13.03,0.78,12.50,3.19,9.16,2.05,NA,NA,NA,31.62,71.89,1.98,235.16,0.00,0.00,79.81,741.60,-0.03
2021-06-11 00:00:00,31.02,76.65,13.86,41.35,33.50,14.55,10.64,0.80,7.49,2.50,10.78,1.79,NA,NA,NA,29.89,72.29,2.43,246.99,0.00,0.00,65.72,740.87,-0.02
2021-06-12 00:00:00,26.37,62.69,12.83,42.29,32.97,15.72,9.48,0.48,7.25,2.47,11.41,2.01,NA,NA,NA,30.16,71.84,2.20,259.37,0.01,0.50,85.21,741.07,0.01
2021-06-13 00:00:00,33.58,99.32,9.30,44.89,31.48,17.98,2.11,0.72,7.09,4.62,17.37,1.54,NA,NA,NA,30.64,72.00,2.09,239.22,0.00,0.00,71.82,740.70,-0.02
2021-06-14 00:00:00,27.32,79.55,9.72,46.32,32.58,16.83,2.95,0.76,7.04,3.35,16.21,1.77,NA,NA,NA,29.50,74.44,2.51,248.38,0.00,0.00,62.09,740.28,-0.01
2021-06-15 00:00:00,28.02,95.67,9.71,44.06,31.37,18.51,7.21,0.68,7.34,3.66,11.61,1.93,NA,NA,NA,31.84,68.36,2.55,224.85,0.00,0.00,85.65,740.60,-0.05
2021-06-16 00:00:00,31.53,111.74,12.20,40.63,31.58,18.85,9.73,0.79,7.52,3.90,9.60,2.02,NA,NA,NA,32.16,70.60,3.05,228.14,0.04,3.50,132.40,741.79,-0.07
2021-06-17 00:00:00,22.71,90.32,12.19,36.63,29.43,19.15,9.17,0.76,7.45,3.10,8.41,1.70,NA,NA,NA,30.84,71.75,3.01,216.40,0.10,9.00,101.29,742.33,-0.10
2021-06-18 00:00:00,43.37,119.31,21.26,41.73,39.52,19.68,9.90,0.67,7.11,4.38,9.94,2.32,NA,NA,NA,29.18,76.55,2.11,225.83,0.00,0.00,62.98,743.89,-0.05
2021-06-19 00:00:00,38.38,163.16,10.78,36.94,28.46,19.28,9.58,0.59,7.18,2.84,6.47,1.54,NA,NA,NA,31.17,73.09,2.88,215.82,0.00,0.00,118.25,745.20,-0.07
2021-06-20 00:00:00,35.87,131.10,11.31,39.26,30.12,19.31,9.91,0.57,7.21,3.79,8.72,1.79,NA,NA,NA,31.93,69.24,2.67,229.97,0.00,0.00,127.59,745.10,-0.03
2021-06-21 00:00:00,47.21,151.09,10.46,39.07,29.33,23.51,8.54,0.66,9.00,4.01,9.59,2.19,NA,NA,NA,33.66,68.93,2.16,220.07,0.00,0.00,168.30,744.10,-0.01
2021-06-22 00:00:00,52.93,177.09,8.91,38.95,27.92,24.18,7.86,0.58,7.72,4.96,13.46,1.90,NA,NA,NA,31.74,73.06,1.95,199.31,0.01,0.50,92.59,743.85,-0.02
2021-06-23 00:00:00,39.90,130.25,18.72,45.42,39.42,18.85,4.86,0.71,7.17,5.65,12.79,2.90,NA,NA,NA,27.12,80.81,2.00,240.13,0.57,49.00,49.42,744.60,-0.00
2021-06-24 00:00:00,32.05,79.80,11.77,38.25,29.96,16.95,8.67,0.55,7.47,2.81,14.48,1.86,NA,NA,NA,30.47,72.77,2.57,250.45,0.01,0.50,148.28,744.13,-0.00
2021-06-25 00:00:00,30.16,86.63,13.20,41.01,32.59,19.61,10.77,0.64,7.41,3.27,16.56,1.94,NA,NA,NA,32.71,65.85,2.04,249.96,0.00,0.00,143.34,742.61,0.01
2021-06-26 00:00:00,41.10,125.45,12.76,39.45,31.36,25.23,7.04,0.66,9.14,3.95,16.15,1.77,NA,NA,NA,32.35,71.89,1.50,204.66,0.00,0.00,121.14,742.77,-0.01
2021-06-27 00:00:00,30.43,93.93,6.50,29.26,20.89,22.14,8.99,0.59,10.41,2.53,10.67,1.28,NA,NA,NA,30.72,75.98,2.06,170.97,0.00,0.00,172.41,744.86,-0.04
2021-06-28 00:00:00,18.80,47.40,7.71,29.74,22.13,18.45,9.92,0.50,8.96,1.53,5.86,0.87,NA,NA,NA,30.02,78.41,2.44,187.68,0.04,3.50,187.99,746.02,-0.07
2021-06-29 00:00:00,30.08,83.29,8.49,35.84,26.00,18.64,10.55,0.58,7.53,2.42,6.60,0.97,NA,NA,NA,30.94,76.51,2.77,207.72,0.00,0.00,161.90,745.69,-0.08
2021-06-30 00:00:00,30.32,96.20,11.23,34.35,27.44,18.84,9.72,0.68,7.24,2.99,6.08,1.50,NA,NA,NA,31.36,75.25,3.10,212.33,0.00,0.00,145.79,744.84,-0.08
2021-07-01 00:00:00,29.07,118.52,10.34,39.76,29.60,19.50,9.53,0.54,7.71,3.20,11.16,1.26,NA,NA,NA,32.22,71.06,2.78,217.02,0.00,0.00,184.60,743.54,-0.06
2021-07-02 00:00:00,26.65,80.36,21.03,39.96,38.39,19.89,9.30,0.76,7.30,3.69,12.76,2.36,NA,NA,NA,27.21,82.33,2.15,232.65,0.39,34.50,39.93,744.59,-0.02
2021-07-03 00:00:00,22.90,71.26,16.07,36.43,32.49,21.10,10.36,0.50,7.42,3.20,12.65,1.54,NA,NA,NA,28.32,80.09,2.31,219.89,0.09,8.00,151.36,744.93,-0.02
2021-07-04 00:00:00,33.96,81.62,17.20,42.03,36.38,19.70,9.57,0.61,8.05,3.82,12.84,1.75,NA,NA,NA,27.96,80.07,2.14,228.74,0.03,2.50,139.02,745.00,-0.03
2021-07-05 00:00:00,29.52,91.10,16.89,44.18,37.28,21.88,10.27,0.59,7.43,1.24,6.65,0.44,NA,NA,NA,29.18,79.47,1.94,203.06,0.04,3.50,135.43,744.54,-0.01
2021-07-06 00:00:00,35.39,101.87,17.08,44.86,37.79,23.64,8.79,0.84,8.22,2.79,3.61,0.86,NA,NA,NA,30.65,79.10,2.01,211.49,0.00,0.00,134.86,743.84,-0.06
2021-07-07 00:00:00,44.06,118.55,14.35,46.47,36.43,25.23,7.40,0.68,7.60,5.90,15.13,2.99,NA,NA,NA,29.95,79.39,2.23,210.35,0.03,3.00,124.77,743.78,-0.05
2021-07-08 00:00:00,37.61,129.34,16.74,57.16,44.05,21.49,8.78,0.93,7.65,6.30,28.01,4.94,NA,NA,NA,28.03,80.64,1.09,232.32,0.00,0.00,46.93,743.82,-0.00
2021-07-09 00:00:00,47.21,142.13,26.02,58.57,52.35,21.11,6.30,1.07,10.09,8.94,25.40,4.61,NA,NA,NA,31.05,75.78,1.45,207.57,0.00,0.00,173.40,742.59,-0.05
2021-07-10 00:00:00,30.16,77.52,9.72,49.79,34.44,24.90,8.90,0.79,8.52,5.23,15.27,3.54,NA,NA,NA,30.46,77.32,1.72,230.51,0.00,0.00,107.44,741.74,-0.03
2021-07-11 00:00:00,20.22,45.47,6.53,26.85,19.58,23.83,10.79,0.69,16.61,2.66,17.81,1.69,NA,NA,NA,29.00,81.14,1.64,160.78,0.21,19.50,131.96,741.82,0.04
2021-07-12 00:00:00,6.01,18.92,3.81,8.70,7.72,18.73,12.40,0.59,17.92,0.93,3.60,0.52,NA,NA,NA,28.73,80.69,2.13,115.45,0.05,4.00,146.33,742.31,0.04
2021-07-13 00:00:00,23.28,62.06,19.25,43.43,38.78,20.28,11.02,0.94,7.34,5.61,23.20,3.05,NA,NA,NA,26.24,85.51,1.35,224.27,0.02,2.00,31.24,742.67,-0.00
2021-07-14 00:00:00,21.57,70.55,15.77,37.33,32.72,19.45,11.79,0.81,6.87,5.39,20.15,2.43,NA,NA,NA,27.53,81.65,1.90,215.76,0.00,0.00,89.16,742.72,-0.04
2021-07-15 00:00:00,17.07,45.92,9.84,23.29,20.43,15.80,10.26,0.67,11.40,3.64,8.20,1.74,NA,NA,NA,28.30,80.76,1.81,173.90,0.04,4.00,137.87,743.76,-0.01
2021-07-16 00:00:00,11.03,37.93,10.08,25.21,21.41,13.63,10.56,0.63,9.93,2.70,9.64,2.19,NA,NA,NA,29.77,76.66,1.70,193.25,0.03,3.00,154.70,745.76,-0.03
2021-07-17 00:00:00,16.47,51.79,6.83,23.80,18.13,14.37,10.53,0.60,11.90,2.90,9.47,1.37,NA,NA,NA,30.68,76.57,1.83,182.31,0.00,0.00,179.47,745.29,-0.00
2021-07-18 00:00:00,11.59,43.03,8.49,26.35,20.95,13.82,11.47,0.67,7.12,2.46,7.33,1.19,NA,NA,NA,30.74,76.76,2.16,200.80,0.00,0.00,159.18,743.97,-0.08
2021-07-19 00:00:00,19.39,62.89,14.40,39.64,32.83,13.99,10.02,0.74,7.61,4.37,25.95,1.70,NA,NA,NA,29.27,78.19,2.31,229.59,0.08,7.50,161.49,742.70,-0.05
2021-07-20 00:00:00,15.17,45.25,18.89,44.62,39.14,17.25,11.46,0.81,8.84,4.07,19.15,3.26,NA,NA,NA,31.25,76.13,1.94,234.30,0.00,0.00,155.99,741.83,0.00
2021-07-21 00:00:00,18.06,52.92,40.86,50.44,59.02,25.38,9.30,0.96,8.08,3.40,12.35,3.24,NA,NA,NA,27.39,79.64,1.32,244.60,0.00,0.00,65.35,738.79,-0.01
2021-07-22 00:00:00,13.54,44.80,23.35,34.15,37.14,19.97,10.44,0.62,7.15,4.25,14.51,2.83,NA,NA,NA,26.53,80.15,0.40,242.85,0.01,1.00,90.54,738.12,-0.01
2021-07-23 00:00:00,21.29,70.53,20.76,36.97,36.54,18.48,10.23,0.71,7.06,4.38,14.19,2.89,NA,NA,NA,26.97,80.46,2.93,241.86,0.01,1.00,89.74,738.60,-0.02
2021-07-24 00:00:00,34.27,108.60,15.18,42.47,34.94,20.37,11.67,0.83,6.91,6.43,15.21,3.68,NA,NA,NA,28.40,77.07,2.23,238.56,0.00,0.00,76.52,740.90,-0.01
2021-07-25 00:00:00,31.86,114.52,12.74,37.79,30.46,19.24,10.50,1.03,7.05,4.97,8.24,2.06,NA,NA,NA,29.86,79.07,2.25,228.31,0.00,0.00,93.41,742.58,-0.03
2021-07-26 00:00:00,27.42,85.36,11.34,36.40,28.58,20.42,10.50,0.73,6.85,4.26,14.99,2.42,NA,NA,NA,30.46,76.96,2.51,227.80,0.00,0.00,133.82,742.50,-0.05
2021-07-27 00:00:00,26.73,104.66,17.96,34.58,33.03,1.79,9.93,0.78,6.52,4.92,11.72,2.82,NA,NA,NA,31.71,72.04,2.46,233.17,0.00,0.00,97.62,741.61,-0.03
2021-07-28 00:00:00,24.15,83.49,17.56,32.62,31.67,0.99,9.40,0.63,7.00,3.80,12.53,2.84,NA,NA,NA,32.45,66.39,2.88,245.16,0.00,0.00,140.97,741.72,-0.01
2021-07-29 00:00:00,25.99,71.89,28.84,36.54,42.88,7.59,10.13,0.74,6.85,5.00,19.23,3.23,NA,NA,NA,28.08,77.39,1.86,261.58,0.01,0.50,43.62,742.47,0.00
2021-07-30 00:00:00,26.14,83.51,20.56,40.96,38.55,21.67,9.12,0.67,6.87,3.92,18.17,3.82,NA,NA,NA,30.61,70.46,1.95,242.62,0.00,0.00,94.87,743.22,-0.01
2021-07-31 00:00:00,26.40,92.08,16.13,36.68,32.67,26.25,10.36,0.68,6.80,3.65,13.57,3.14,NA,NA,NA,32.22,65.83,2.71,250.11,0.00,0.00,136.75,743.42,-0.00
2021-08-01 00:00:00,22.99,85.62,14.40,35.69,30.73,26.06,10.35,0.68,7.09,3.61,11.89,2.68,NA,NA,NA,32.71,66.09,2.71,230.14,0.00,0.00,147.17,742.99,-0.04
2021-08-02 00:00:00,29.59,104.48,18.60,40.15,36.52,31.61,8.33,0.72,6.88,4.64,12.84,3.04,NA,NA,NA,33.71,65.95,2.28,233.62,0.00,0.00,153.73,743.14,-0.03
2021-08-03 00:00:00,27.24,90.17,14.30,34.08,29.80,31.51,7.40,0.76,7.83,3.71,11.70,2.60,NA,NA,NA,32.96,68.02,2.24,220.54,0.00,0.00,150.34,744.11,0.03
2021-08-04 00:00:00,28.08,110.16,17.70,42.43,36.99,28.73,9.28,0.86,7.25,7.82,24.86,3.24,NA,NA,NA,33.37,67.65,2.30,214.23,0.06,5.00,154.86,743.91,-0.03
2021-08-05 00:00:00,26.75,102.27,25.35,41.93,42.95,30.81,14.43,0.82,7.48,6.35,18.98,4.34,NA,NA,NA,31.00,73.90,1.72,231.36,0.05,4.50,89.25,742.17,-0.00
2021-08-06 00:00:00,23.96,90.84,20.53,36.38,36.08,40.91,11.84,0.76,8.14,8.69,16.82,4.72,NA,NA,NA,33.26,68.09,2.05,NA,0.00,0.00,136.16,741.87,-0.00
2021-08-07 00:00:00,28.00,90.98,14.44,36.03,30.95,27.26,14.65,0.74,6.68,5.87,12.05,2.87,NA,NA,NA,31.41,73.16,2.35,NA,0.00,0.00,128.01,744.24,-0.05
2021-08-08 00:00:00,25.55,52.92,9.21,30.54,23.77,18.17,13.32,0.66,6.75,2.68,6.37,1.88,NA,NA,NA,31.18,77.26,2.67,NA,0.00,0.00,141.53,746.20,-0.09
2021-08-09 00:00:00,26.65,76.95,8.59,29.63,22.78,21.71,16.51,0.73,6.39,4.81,6.02,1.90,NA,NA,NA,31.86,77.17,2.74,NA,0.00,0.00,164.37,746.29,-0.09
2021-08-10 00:00:00,40.33,107.48,11.08,39.40,30.00,18.49,15.71,0.82,5.97,4.57,8.00,2.75,NA,NA,NA,33.42,73.30,2.37,NA,0.00,0.00,143.06,744.88,-0.03
2021-08-11 00:00:00,40.28,103.23,11.92,38.42,30.17,25.63,12.82,0.71,6.58,4.45,15.83,4.02,NA,NA,NA,34.14,67.16,1.91,357.00,0.00,0.00,152.61,743.94,-0.02
2021-08-12 00:00:00,29.72,104.12,10.46,35.28,27.20,23.04,14.91,0.68,10.66,8.79,11.72,3.65,NA,NA,NA,32.46,71.78,1.60,341.00,0.00,0.00,173.76,744.94,0.03
2021-08-13 00:00:00,28.47,70.54,13.73,31.58,27.82,16.84,14.32,0.74,27.59,3.86,11.60,2.81,NA,NA,NA,31.16,73.25,2.81,NA,0.00,0.00,187.40,743.98,-0.01
2021-08-14 00:00:00,25.40,71.45,16.44,33.60,31.12,16.63,16.90,0.66,18.48,5.38,13.60,2.51,NA,NA,NA,29.60,75.84,2.04,357.00,0.00,0.00,155.76,742.85,0.02
2021-08-15 00:00:00,29.28,79.17,20.27,41.17,38.41,19.39,16.11,0.75,10.73,10.23,14.04,2.76,NA,NA,NA,30.39,73.48,1.36,56.00,0.00,0.00,102.89,742.86,0.01
2021-08-16 00:00:00,32.98,79.36,28.26,44.55,46.71,22.47,12.64,0.81,9.71,11.93,16.03,5.32,NA,NA,NA,29.01,78.81,1.39,NA,0.02,2.00,96.52,743.20,0.03
2021-08-17 00:00:00,36.11,103.28,25.89,35.30,39.83,16.18,12.98,0.74,7.09,6.67,21.86,3.40,NA,NA,NA,27.70,81.91,1.94,NA,0.02,1.50,64.10,744.16,-0.02
2021-08-18 00:00:00,31.42,94.17,13.48,37.48,30.95,12.14,17.38,0.90,6.79,6.99,9.31,3.05,NA,NA,NA,29.16,77.50,2.75,NA,0.00,0.00,88.17,743.96,-0.08
2021-08-19 00:00:00,28.75,80.24,15.92,43.60,36.19,16.55,14.12,0.92,6.66,5.23,10.31,3.74,NA,NA,NA,28.66,78.75,1.87,NA,0.00,0.00,84.02,744.18,-0.05
2021-08-20 00:00:00,31.29,89.86,20.20,42.96,39.32,14.97,12.87,1.08,6.48,4.16,7.34,2.84,NA,NA,NA,25.84,86.60,1.51,NA,0.23,20.00,36.80,745.40,-0.01
2021-08-21 00:00:00,22.81,54.26,14.56,32.43,29.14,17.07,15.13,0.71,7.46,1.83,6.21,1.85,NA,NA,NA,28.59,80.43,1.47,97.00,0.02,1.50,178.90,747.27,-0.04
2021-08-22 00:00:00,18.99,55.24,13.98,28.89,26.78,14.64,15.99,0.64,7.16,1.80,8.78,1.70,NA,NA,NA,28.97,77.29,2.01,NA,0.00,0.00,167.99,747.44,-0.07
2021-08-23 00:00:00,21.24,72.67,14.46,32.32,28.99,15.88,16.90,0.72,6.86,2.55,11.17,1.66,NA,NA,NA,30.12,76.30,2.36,NA,0.00,0.00,161.69,747.00,-0.05
2021-08-24 00:00:00,34.71,91.99,10.97,34.44,27.28,15.27,15.03,0.77,6.89,2.35,5.48,1.59,NA,NA,NA,30.88,74.73,2.53,NA,0.00,0.00,165.18,746.23,-0.08
2021-08-25 00:00:00,48.10,87.72,14.81,42.08,34.33,17.20,16.11,0.78,7.05,5.14,8.45,2.47,NA,NA,NA,29.29,77.34,2.37,NA,0.06,5.50,131.41,744.82,-0.04
2021-08-26 00:00:00,46.46,92.07,14.17,44.85,35.28,17.55,11.95,0.89,9.13,7.97,17.01,2.86,NA,NA,NA,30.61,75.00,1.66,NA,0.00,0.00,151.28,743.34,-0.00
2021-08-27 00:00:00,42.45,118.92,30.75,60.79,57.07,22.83,12.29,0.89,9.44,20.17,25.32,7.36,NA,NA,NA,28.19,81.33,0.92,259.00,0.02,2.00,49.42,743.34,-0.00
2021-08-28 00:00:00,41.14,103.42,21.89,44.65,41.59,19.07,14.49,0.91,9.16,9.57,34.40,5.53,NA,NA,NA,27.34,80.56,0.83,232.71,0.00,0.00,76.79,742.16,0.00
2021-08-29 00:00:00,39.64,94.85,14.33,34.70,30.01,17.77,14.72,0.75,11.59,5.77,46.13,3.34,NA,NA,NA,28.14,79.70,0.74,238.00,0.00,0.00,74.45,741.74,-0.02
2021-08-30 00:00:00,21.08,51.76,6.57,24.04,18.04,14.97,13.61,0.64,14.82,1.75,6.69,1.30,NA,NA,NA,27.47,81.46,0.86,291.33,0.06,5.00,87.42,743.43,0.03
2021-08-31 00:00:00,15.92,40.17,9.52,30.53,24.02,11.79,14.94,0.83,10.63,0.14,0.19,0.32,NA,NA,NA,27.01,83.13,0.89,315.67,0.03,2.50,101.06,745.93,0.00
2021-09-01 00:00:00,19.94,67.38,25.92,29.09,36.08,11.62,13.95,0.69,12.43,0.73,9.32,4.29,NA,NA,NA,28.90,79.24,1.10,164.50,0.00,0.00,181.80,747.01,0.05
2021-09-02 00:00:00,17.29,56.57,12.25,20.67,21.00,11.98,16.37,0.63,14.93,2.37,9.77,1.79,NA,NA,NA,29.96,76.03,1.02,326.00,0.00,0.00,181.99,745.80,0.03
2021-09-03 00:00:00,17.72,67.15,15.36,24.38,25.34,12.53,15.94,0.68,13.62,2.98,13.23,3.11,NA,NA,NA,30.79,75.39,1.11,237.31,0.00,0.00,177.29,744.51,0.05
2021-09-04 00:00:00,26.52,91.86,16.24,29.23,28.76,13.38,16.42,0.72,15.45,3.84,17.08,2.66,NA,NA,NA,30.72,75.33,1.48,240.33,0.00,0.00,170.70,743.70,0.02
2021-09-05 00:00:00,21.81,54.76,11.29,29.80,25.08,12.54,18.12,0.71,13.32,3.56,15.90,2.09,NA,NA,NA,28.82,79.57,1.86,230.48,0.16,13.50,126.82,742.95,0.00
2021-09-06 00:00:00,14.00,33.16,23.02,38.53,39.25,9.36,15.78,0.74,8.71,5.74,32.93,3.44,NA,NA,NA,25.05,87.99,1.85,289.39,0.30,25.50,41.99,741.64,0.00
2021-09-07 00:00:00,17.22,59.88,15.40,37.60,32.57,11.12,15.74,0.85,8.80,5.19,27.14,3.28,NA,NA,NA,27.45,82.55,2.50,260.10,0.15,13.00,105.32,743.10,-0.04
2021-09-08 00:00:00,21.75,77.52,16.86,46.33,38.39,15.30,13.66,0.98,8.74,7.36,33.81,5.59,NA,NA,NA,28.16,82.07,1.97,259.38,0.69,61.50,94.19,745.07,-0.02
2021-09-09 00:00:00,21.56,83.39,23.00,45.65,43.02,19.79,14.43,0.97,16.36,5.49,56.25,6.55,NA,NA,NA,31.52,73.40,1.88,276.20,0.00,0.00,138.67,744.67,-0.01
2021-09-10 00:00:00,21.10,52.26,33.69,33.39,45.19,14.00,15.31,0.89,8.67,5.30,32.49,5.53,NA,NA,NA,28.11,81.50,1.12,236.51,0.02,2.00,52.73,744.02,-0.00
2021-09-11 00:00:00,19.00,50.37,32.94,31.90,43.79,10.45,15.50,0.75,9.21,0.19,1.50,0.28,NA,NA,NA,27.38,82.14,2.26,295.49,0.00,0.00,76.36,742.92,-0.00
2021-09-12 00:00:00,18.66,49.77,32.58,32.08,43.58,13.34,16.65,0.84,8.83,0.08,0.11,0.10,NA,NA,NA,26.75,83.29,1.85,298.10,0.00,0.00,38.75,741.65,0.00
2021-09-13 00:00:00,17.30,62.92,27.93,32.65,40.11,18.06,16.36,0.75,8.89,0.08,0.12,0.11,NA,NA,NA,28.32,81.15,2.35,275.95,0.00,0.00,64.41,740.98,-0.02
2021-09-14 00:00:00,22.51,120.96,14.80,31.68,28.91,20.86,17.32,0.86,9.07,0.09,0.12,0.09,NA,NA,NA,30.47,76.82,3.20,247.82,0.00,0.00,117.12,742.47,-0.07
2021-09-15 00:00:00,24.66,108.32,16.53,37.56,33.29,44.52,15.07,0.92,10.63,0.20,0.27,0.10,NA,NA,NA,30.86,78.78,2.26,252.89,0.01,1.00,142.48,743.96,-0.05
2021-09-16 00:00:00,28.37,110.13,8.70,37.66,27.16,28.76,13.29,0.73,17.83,0.09,0.18,0.11,NA,NA,NA,30.65,77.84,1.72,266.69,0.00,0.00,132.10,744.51,-0.04
2021-09-17 00:00:00,37.67,127.33,7.70,37.14,25.98,25.38,14.70,0.72,23.94,0.12,0.14,0.13,NA,NA,NA,31.28,76.00,1.99,265.03,0.00,0.00,148.67,744.14,-0.04
2021-09-18 00:00:00,34.34,131.07,13.81,52.08,38.84,21.13,11.24,0.86,20.36,0.13,0.16,0.18,NA,NA,NA,30.08,73.89,1.56,267.88,0.00,0.00,129.68,745.67,-0.03
2021-09-19 00:00:00,34.48,96.73,10.27,44.57,32.10,19.44,17.25,0.76,22.36,0.12,0.21,0.16,NA,NA,NA,28.89,78.27,1.48,262.83,0.02,2.00,76.72,746.89,-0.02
2021-09-20 00:00:00,48.54,153.71,22.65,50.63,45.38,18.64,10.61,0.91,21.70,0.10,0.18,0.19,NA,NA,NA,29.17,80.55,1.36,247.34,0.00,0.00,94.32,745.88,-0.03
2021-09-21 00:00:00,41.64,127.62,23.89,38.89,40.12,16.34,14.66,1.03,14.90,0.23,0.20,0.19,NA,NA,NA,30.91,76.16,1.83,269.37,0.00,0.00,115.42,744.21,-0.01
2021-09-22 00:00:00,32.03,91.15,24.34,29.90,35.73,11.97,15.58,0.82,9.46,0.14,0.16,0.15,NA,NA,NA,30.63,77.35,1.97,241.43,0.00,0.00,116.40,743.30,-0.04
2021-09-23 00:00:00,24.91,72.89,19.21,25.84,29.40,17.27,16.34,0.85,9.35,0.11,0.16,0.16,NA,NA,NA,29.60,79.62,1.92,244.43,0.01,0.50,120.02,744.56,-0.03
2021-09-24 00:00:00,25.25,60.36,18.56,28.69,30.20,31.33,16.06,0.73,13.53,1.17,5.95,1.07,NA,NA,NA,29.93,79.56,1.75,238.51,0.00,0.00,150.30,745.60,-0.01
2021-09-25 00:00:00,26.70,79.57,18.77,50.16,41.75,24.38,15.29,0.85,20.98,1.93,41.35,6.06,NA,NA,NA,29.60,78.90,1.68,257.11,0.06,5.50,130.49,744.44,-0.01
2021-09-26 00:00:00,32.72,95.17,30.24,51.12,51.82,30.45,8.65,0.70,11.91,3.12,58.78,8.83,NA,NA,NA,25.62,87.27,2.08,273.99,1.31,117.00,16.88,740.82,0.01
2021-09-27 00:00:00,8.42,40.62,18.23,24.11,27.71,44.65,15.28,0.41,20.69,4.36,14.46,4.03,NA,NA,NA,25.25,89.77,2.99,186.59,1.12,101.50,20.25,739.99,-0.09
2021-09-28 00:00:00,28.01,64.76,43.20,62.24,67.47,18.79,9.90,1.44,12.12,5.63,60.42,10.63,NA,NA,NA,25.07,88.42,0.78,236.37,0.21,19.50,26.85,744.63,-0.00
2021-09-29 00:00:00,36.59,104.31,43.58,51.26,62.74,19.07,8.32,1.27,20.02,4.58,60.35,9.71,NA,NA,NA,28.75,81.69,0.64,240.74,0.00,0.00,143.26,745.91,-0.01
2021-09-30 00:00:00,25.62,89.84,33.49,29.05,42.72,16.67,10.11,0.68,16.94,2.23,29.21,4.53,NA,NA,NA,30.03,78.94,0.76,194.41,0.00,0.00,160.59,746.87,0.04
2021-10-01 00:00:00,12.52,56.73,21.27,16.44,26.08,16.08,11.86,0.43,12.99,1.68,13.64,1.77,NA,NA,NA,30.78,76.96,1.15,183.64,0.00,0.00,167.73,747.22,0.05
2021-10-02 00:00:00,14.20,53.73,20.80,17.85,26.45,12.58,14.17,0.38,15.35,1.05,12.62,2.22,NA,NA,NA,30.82,77.54,1.30,211.98,0.00,0.00,164.62,747.26,-0.01
2021-10-03 00:00:00,10.46,43.67,18.71,20.77,26.30,12.32,14.09,0.48,14.00,0.90,14.78,2.46,NA,NA,NA,31.25,75.21,1.37,236.98,0.00,0.00,181.83,746.58,-0.03
2021-10-04 00:00:00,16.33,41.72,21.74,24.52,30.77,11.31,9.16,0.52,14.31,1.67,27.21,3.37,NA,NA,NA,31.01,75.51,1.25,224.45,0.00,0.00,164.35,746.20,0.01
2021-10-05 00:00:00,20.71,76.87,24.19,21.83,31.32,15.45,9.80,0.33,12.52,1.28,20.66,3.67,NA,NA,NA,30.96,75.16,1.83,163.50,0.00,0.00,176.16,746.52,0.06
2021-10-06 00:00:00,1.90,10.92,4.44,8.64,8.20,19.22,15.69,0.24,15.51,0.57,11.27,2.89,NA,NA,NA,31.30,75.99,1.92,122.32,0.00,0.00,187.56,745.79,0.06
2021-10-07 00:00:00,10.79,57.24,23.69,22.94,31.46,19.51,11.63,0.37,17.06,1.29,17.84,5.03,NA,NA,NA,31.32,76.29,1.36,223.67,0.00,0.00,133.61,745.32,0.02
2021-10-08 00:00:00,20.64,85.84,19.63,37.27,35.77,59.69,9.20,0.57,14.08,1.69,25.62,5.40,NA,NA,NA,32.14,74.36,1.88,259.90,0.00,0.00,150.86,744.53,-0.03
2021-10-09 00:00:00,42.23,113.82,13.04,45.51,34.73,88.10,8.03,0.67,25.60,2.39,44.20,3.45,NA,NA,NA,31.44,76.12,1.69,241.88,0.00,0.00,148.47,744.78,-0.00
2021-10-10 00:00:00,63.37,154.25,14.54,44.83,35.53,56.51,8.83,0.58,26.80,2.78,38.74,6.72,NA,NA,NA,32.33,73.99,1.35,210.40,0.00,0.00,140.66,744.75,0.04
2021-10-11 00:00:00,69.91,162.29,7.04,41.32,27.47,45.37,11.44,0.59,39.45,3.14,29.95,4.38,NA,NA,NA,32.41,71.00,1.33,203.86,0.00,0.00,141.41,744.36,0.04
2021-10-12 00:00:00,93.00,206.64,8.21,56.97,37.02,36.26,9.37,0.91,29.97,4.46,60.85,5.62,NA,NA,NA,31.68,72.63,1.11,224.80,0.00,0.00,76.95,744.35,0.02
2021-10-13 00:00:00,105.79,236.87,11.26,52.29,36.67,30.18,10.53,0.78,37.68,5.22,48.11,5.30,NA,NA,NA,31.43,75.31,1.29,225.78,0.00,0.00,103.40,743.94,0.03
2021-10-14 00:00:00,86.39,206.16,12.52,67.90,46.33,24.04,9.54,1.11,32.37,6.57,45.47,7.54,NA,NA,NA,31.62,71.86,0.92,241.16,0.00,0.00,75.90,743.33,0.01
2021-10-15 00:00:00,64.45,105.63,11.37,35.53,28.18,28.91,10.98,0.73,15.37,6.07,56.99,3.14,NA,NA,NA,28.11,80.73,1.79,201.62,0.03,2.50,41.30,741.67,0.05
2021-10-16 00:00:00,12.82,30.95,5.86,13.31,11.73,141.21,14.59,0.53,21.36,2.34,11.24,1.44,NA,NA,NA,28.41,82.19,1.76,173.02,0.50,45.00,99.87,742.36,0.04
2021-10-17 00:00:00,45.43,94.86,10.62,36.80,28.25,14.95,10.06,0.83,23.56,4.64,25.25,2.44,NA,NA,NA,28.02,82.86,1.01,207.66,0.00,0.00,89.26,744.37,0.02
2021-10-18 00:00:00,25.78,64.94,8.56,31.37,23.69,21.22,12.55,0.67,16.73,4.56,25.18,2.11,NA,NA,NA,30.16,81.07,1.55,239.97,0.00,0.00,109.51,744.73,-0.05
2021-10-19 00:00:00,51.83,125.47,15.39,47.93,38.05,23.05,9.55,1.04,19.18,6.46,54.22,5.19,NA,NA,NA,30.57,80.06,1.49,248.05,0.00,0.00,100.37,746.89,-0.04
2021-10-20 00:00:00,83.25,202.73,47.12,79.85,80.82,15.08,7.65,2.00,16.34,3.31,28.84,7.27,NA,NA,NA,29.51,82.14,0.76,230.37,0.20,18.50,79.49,748.88,0.00
2021-10-21 00:00:00,68.55,137.82,6.77,41.35,27.47,17.14,8.77,0.89,25.97,1.21,20.04,2.18,NA,NA,NA,30.70,79.97,1.37,232.69,0.00,0.00,126.39,749.03,-0.01
2021-10-22 00:00:00,63.21,124.85,12.01,38.53,30.30,13.39,9.66,0.90,25.03,1.03,16.61,29.15,NA,NA,NA,29.69,80.62,1.46,208.62,0.14,11.50,103.86,749.40,0.04
2021-10-23 00:00:00,35.09,102.20,9.80,30.79,24.28,11.61,13.06,0.74,24.80,0.74,9.27,4.87,NA,NA,NA,29.60,76.28,1.49,159.86,0.00,0.00,112.64,750.09,0.04
2021-10-24 00:00:00,43.62,99.47,2.67,22.49,14.07,19.31,12.17,0.65,41.25,0.46,9.23,49.10,NA,NA,NA,29.88,71.85,1.38,131.89,0.00,0.00,121.76,750.15,0.03
2021-10-25 00:00:00,50.50,165.43,6.11,43.13,27.66,14.97,12.74,0.89,47.96,1.78,15.73,55.86,NA,NA,NA,29.40,68.27,1.54,195.78,0.00,0.00,129.94,749.18,0.04
2021-10-26 00:00:00,54.32,176.83,9.87,39.03,28.44,96.25,8.29,0.78,35.99,3.12,13.11,33.75,NA,NA,NA,29.84,67.18,1.69,198.38,0.00,0.00,138.08,748.40,0.06
2021-10-27 00:00:00,56.55,108.86,4.30,18.86,13.48,137.48,13.35,0.73,36.01,1.80,6.90,22.45,NA,NA,NA,30.35,68.14,2.23,170.48,0.00,0.00,138.16,748.49,0.06
2021-10-28 00:00:00,66.83,120.49,5.30,13.52,11.55,87.75,13.93,0.74,28.14,2.23,5.56,5.39,NA,NA,NA,29.57,70.57,2.62,148.48,0.00,0.00,71.67,748.76,0.08
2021-10-29 00:00:00,36.46,66.97,5.60,13.93,11.99,12.14,14.02,0.67,22.15,1.87,8.53,3.56,NA,NA,NA,28.63,76.57,2.44,137.35,0.02,2.00,118.54,749.93,0.07
2021-10-30 00:00:00,13.12,31.39,3.63,11.93,9.23,13.28,13.36,0.51,20.14,0.77,7.34,60.22,NA,NA,NA,28.72,77.78,2.34,121.52,0.00,0.00,127.71,750.71,0.07
2021-10-31 00:00:00,37.30,71.14,2.80,18.25,11.93,12.66,23.49,0.71,33.08,1.67,7.75,48.81,NA,NA,NA,28.77,76.14,2.08,128.26,0.00,0.00,102.03,750.39,0.06
2021-11-01 00:00:00,42.28,75.56,3.03,13.66,9.73,11.68,23.06,0.60,36.94,1.53,6.79,72.33,NA,NA,NA,28.95,76.98,2.35,139.16,0.00,0.00,116.81,749.77,0.08
2021-11-02 00:00:00,16.12,32.02,4.41,13.61,10.54,10.63,22.58,0.46,24.92,1.22,6.61,22.52,NA,NA,NA,26.37,81.98,2.28,125.62,0.05,4.00,67.24,750.11,0.07
2021-11-03 00:00:00,27.40,47.73,6.80,21.33,16.85,10.63,24.49,0.57,24.39,1.68,8.12,7.39,NA,NA,NA,25.59,81.59,2.29,131.00,0.22,21.00,67.59,749.86,0.05
2021-11-04 00:00:00,63.36,90.46,8.19,22.55,18.70,9.06,42.75,0.56,30.49,1.29,7.08,4.62,NA,NA,NA,25.18,82.97,2.04,116.72,0.06,5.50,78.83,749.92,0.04
2021-11-05 00:00:00,55.66,95.18,4.76,16.45,12.66,2.82,18.28,0.62,49.33,1.71,5.53,4.54,NA,NA,NA,26.79,77.34,2.11,111.76,0.00,0.00,72.51,749.23,0.05
2021-11-06 00:00:00,82.18,133.36,5.34,19.78,14.90,2.42,18.90,0.70,62.76,1.96,6.06,3.46,NA,NA,NA,27.44,73.97,2.42,107.46,0.00,0.00,119.48,748.32,0.08
2021-11-07 00:00:00,74.76,132.50,6.23,32.39,22.34,5.05,17.46,0.84,67.58,2.41,8.08,3.04,NA,NA,NA,26.31,67.22,1.80,116.09,0.00,0.00,92.10,748.64,0.04
2021-11-08 00:00:00,68.32,132.60,4.55,28.21,18.75,58.07,16.55,0.82,63.47,2.33,7.51,2.50,NA,NA,NA,26.39,63.24,2.18,137.52,0.00,0.00,131.29,749.12,0.07
2021-11-09 00:00:00,80.46,133.19,3.17,26.68,16.54,22.33,17.05,0.85,73.58,2.39,7.17,2.08,NA,NA,NA,26.48,65.80,2.22,137.36,0.00,0.00,110.51,749.45,0.07
2021-11-10 00:00:00,84.59,142.30,3.10,18.19,12.21,35.17,17.24,0.86,55.28,2.50,6.81,1.82,NA,NA,NA,26.88,66.99,2.77,168.21,0.00,0.00,91.83,748.53,0.10
2021-11-11 00:00:00,54.01,85.08,7.68,20.48,17.18,40.24,17.09,0.67,18.09,2.91,7.50,1.77,NA,NA,NA,24.81,77.16,3.10,185.22,0.08,7.00,48.48,747.01,0.10
2021-11-12 00:00:00,15.95,22.84,11.99,18.70,19.75,3.01,17.39,0.53,13.52,1.69,8.18,1.75,NA,NA,NA,24.66,86.82,2.46,170.16,0.06,5.00,49.57,747.48,0.06
2021-11-13 00:00:00,11.62,18.72,11.44,21.26,20.66,5.88,17.29,0.54,13.49,0.84,9.60,2.23,NA,NA,NA,26.08,86.32,1.02,139.99,0.32,27.50,86.99,747.96,0.04
2021-11-14 00:00:00,5.29,22.89,5.92,17.58,14.15,7.06,16.94,0.45,14.70,0.38,7.47,1.59,NA,NA,NA,26.72,84.47,0.71,115.16,0.14,12.50,99.45,747.65,0.03
2021-11-15 00:00:00,9.57,24.38,4.61,14.35,11.16,46.20,17.08,0.42,16.03,0.50,6.60,1.52,NA,NA,NA,28.27,80.85,0.98,127.68,0.00,0.00,126.14,747.17,0.04
2021-11-16 00:00:00,15.62,31.85,8.78,17.79,16.65,47.26,16.90,0.54,16.11,0.84,9.96,2.04,NA,NA,NA,27.47,82.74,1.32,160.25,0.06,5.50,128.02,746.80,0.06
2021-11-17 00:00:00,52.51,88.23,4.03,10.79,9.06,39.52,17.70,0.60,25.89,1.40,5.36,0.80,NA,NA,NA,27.58,78.74,2.65,114.39,0.00,0.00,106.80,747.89,0.12
2021-11-18 00:00:00,80.99,128.50,2.72,21.15,13.43,46.56,17.18,0.81,38.91,2.30,9.51,0.92,NA,NA,NA,25.17,74.55,2.68,115.17,0.00,0.00,30.74,747.10,0.11
2021-11-19 00:00:00,59.49,87.24,3.64,21.23,14.21,55.54,16.40,0.73,32.90,2.31,10.64,0.91,NA,NA,NA,24.15,79.82,2.56,117.83,0.04,4.00,34.40,745.67,0.09
2021-11-20 00:00:00,35.27,54.70,5.69,20.36,15.38,51.35,17.26,0.63,26.20,1.76,9.49,1.05,NA,NA,NA,25.70,85.15,1.82,125.75,0.21,19.50,73.77,746.25,0.05
2021-11-21 00:00:00,24.02,46.54,4.19,17.02,12.38,40.53,17.58,0.55,21.02,1.26,8.32,0.77,NA,NA,NA,27.52,82.48,1.55,125.18,0.00,0.00,118.18,747.66,0.05
2021-11-22 00:00:00,28.45,79.70,31.88,30.23,42.04,31.26,15.14,0.66,17.99,4.24,11.63,2.41,NA,NA,NA,27.94,81.43,1.20,202.38,0.00,0.00,132.06,748.18,0.05
2021-11-23 00:00:00,28.43,90.61,18.15,28.09,29.74,28.02,15.39,0.63,19.80,2.75,14.51,1.68,NA,NA,NA,28.30,79.64,0.95,190.53,0.00,0.00,115.75,747.85,0.04
2021-11-24 00:00:00,30.93,57.00,4.03,19.36,13.63,27.96,15.96,0.58,24.83,1.61,8.20,1.04,NA,NA,NA,28.59,77.40,1.47,128.53,0.00,0.00,136.15,748.47,0.07
2021-11-25 00:00:00,76.69,121.32,2.65,16.12,10.62,32.41,16.66,0.71,50.20,2.14,7.03,0.76,NA,NA,NA,27.76,78.77,1.49,124.44,0.00,0.00,113.40,749.04,0.06
2021-11-26 00:00:00,72.14,116.05,3.40,20.20,13.34,30.60,17.11,0.69,48.27,1.75,5.63,7.69,NA,NA,NA,28.22,75.84,1.53,131.38,0.00,0.00,131.55,749.01,0.07
2021-11-27 00:00:00,80.69,126.04,3.23,17.64,11.96,31.76,17.89,0.61,55.82,1.42,4.64,0.51,NA,NA,NA,27.84,69.65,2.19,118.22,0.00,0.00,110.81,749.46,0.10
2021-11-28 00:00:00,101.07,150.80,3.29,16.38,11.32,29.50,16.61,0.64,68.65,1.95,4.00,0.38,NA,NA,NA,26.64,67.61,2.61,115.64,0.00,0.00,74.38,750.47,0.11
2021-11-29 00:00:00,66.02,133.80,3.86,32.09,20.17,35.85,16.40,0.72,65.16,2.67,7.68,0.91,NA,NA,NA,26.80,62.10,1.92,122.52,0.00,0.00,104.10,750.41,0.07
2021-11-30 00:00:00,68.49,126.22,3.00,29.15,17.92,42.32,17.49,0.65,82.99,2.29,11.64,0.79,NA,NA,NA,25.67,62.34,1.91,125.76,0.00,0.00,119.67,751.38,0.07
2021-12-01 00:00:00,81.67,140.84,3.18,32.91,20.10,39.10,17.83,0.66,80.31,2.81,8.58,0.72,NA,NA,NA,24.68,64.28,1.92,126.62,0.00,0.00,115.51,750.73,0.07
2021-12-02 00:00:00,67.02,120.02,3.43,28.26,17.60,35.56,18.60,0.63,78.91,2.56,6.71,0.57,NA,NA,NA,25.40,64.99,1.71,131.72,0.00,0.00,129.26,750.40,0.08
2021-12-03 00:00:00,50.31,90.10,7.51,26.08,19.90,24.15,16.50,0.56,35.34,2.46,7.51,0.75,NA,NA,NA,23.64,70.80,3.20,128.34,0.00,0.00,26.57,749.53,0.11
2021-12-04 00:00:00,26.94,43.13,8.93,16.68,16.18,11.75,16.81,0.39,17.81,1.48,5.29,0.66,NA,NA,NA,23.49,74.40,3.92,146.65,0.01,0.50,49.49,748.02,0.16
2021-12-05 00:00:00,21.85,43.03,8.17,20.57,17.62,12.85,16.00,0.45,28.90,1.86,7.24,0.80,NA,NA,NA,26.71,74.21,1.27,163.62,0.00,0.00,91.72,748.26,0.04
2021-12-06 00:00:00,19.72,35.83,5.73,17.42,13.96,13.10,18.24,0.37,30.48,1.82,7.32,0.66,NA,NA,NA,25.68,77.54,1.15,129.73,0.00,0.00,83.77,748.92,0.06
2021-12-07 00:00:00,24.44,52.41,5.74,16.99,13.76,13.02,17.35,0.43,38.34,1.69,11.57,0.59,NA,NA,NA,26.73,76.30,1.16,129.57,0.00,0.00,123.29,749.92,0.07
2021-12-08 00:00:00,34.96,80.97,4.95,15.77,12.46,13.02,16.15,0.46,46.07,1.92,6.68,0.50,NA,NA,NA,25.93,73.29,2.08,123.13,0.00,0.00,81.90,750.80,0.10
2021-12-09 00:00:00,27.82,62.80,8.74,28.38,22.24,11.90,16.76,0.54,23.09,2.38,8.84,1.14,NA,NA,NA,24.99,75.09,1.81,133.43,0.00,0.00,63.80,752.15,0.05
2021-12-10 00:00:00,24.08,60.64,7.32,25.55,19.58,12.04,16.87,0.44,39.78,1.86,7.50,0.70,NA,NA,NA,24.98,74.70,2.01,121.40,0.00,0.00,122.13,752.54,0.08
2021-12-11 00:00:00,22.48,56.05,4.65,18.61,13.73,12.88,28.40,0.40,56.20,1.56,6.64,31.52,NA,NA,NA,26.30,75.83,1.67,129.05,0.00,0.00,123.30,752.21,0.07
2021-12-12 00:00:00,39.58,81.03,3.42,15.75,11.10,12.20,15.29,0.39,54.46,1.55,5.05,69.09,NA,NA,NA,26.08,72.28,2.59,119.46,0.00,0.00,113.86,752.37,0.07
2021-12-13 00:00:00,84.26,145.48,4.17,20.12,14.14,11.90,11.42,0.64,27.68,2.56,5.90,17.82,NA,NA,NA,25.20,72.92,2.43,116.96,0.00,0.00,105.16,751.60,0.05
2021-12-14 00:00:00,81.20,137.96,4.86,25.21,17.40,10.68,22.41,0.64,40.86,2.41,7.89,81.85,NA,NA,NA,24.59,68.57,2.23,119.55,0.00,0.00,120.37,750.79,0.07
2021-12-15 00:00:00,86.13,152.30,6.59,41.30,27.36,10.84,12.53,0.72,37.13,3.02,9.49,47.57,NA,NA,NA,23.28,64.79,1.89,128.35,0.00,0.00,95.93,751.04,0.05
2021-12-16 00:00:00,77.44,142.07,5.88,40.50,26.36,10.20,15.41,0.64,36.76,2.65,10.33,25.15,NA,NA,NA,23.25,63.60,1.74,147.26,0.00,0.00,118.45,751.56,0.05
2021-12-17 00:00:00,53.63,109.08,6.76,44.26,29.08,10.19,14.57,0.57,38.39,2.26,8.14,15.44,NA,NA,NA,22.27,59.01,1.65,149.72,0.00,0.00,116.66,751.51,0.04
2021-12-18 00:00:00,64.69,165.63,12.01,58.37,40.85,10.37,11.12,0.64,30.93,3.35,13.52,11.83,NA,NA,NA,22.29,60.86,1.54,179.66,0.00,0.00,127.82,751.16,0.06
2021-12-19 00:00:00,82.54,162.40,12.79,53.24,38.75,9.45,16.37,0.75,36.25,3.47,11.68,10.03,NA,NA,NA,22.94,65.75,0.83,185.00,0.00,0.00,114.35,751.67,0.03
2021-12-20 00:00:00,107.68,204.05,10.51,62.21,41.68,8.85,16.71,0.85,31.20,4.34,12.33,9.33,NA,NA,NA,22.59,68.72,0.76,186.53,0.00,0.00,106.16,751.60,0.03
2021-12-21 00:00:00,52.52,120.64,15.82,52.95,41.06,12.10,17.84,0.76,37.94,3.00,10.18,6.67,NA,NA,NA,22.08,61.64,1.18,160.86,0.00,0.00,114.63,751.43,0.04
2021-12-22 00:00:00,102.11,231.07,38.92,90.02,79.57,10.37,16.33,1.06,31.23,6.70,22.73,10.59,NA,NA,NA,21.29,73.08,0.64,224.82,0.00,0.00,114.31,750.39,0.03
2021-12-23 00:00:00,114.05,226.86,35.30,79.39,70.97,10.23,15.14,1.12,25.89,6.34,21.85,8.47,NA,NA,NA,21.46,79.08,0.55,234.20,0.00,0.00,112.98,750.10,0.01
2021-12-24 00:00:00,107.38,205.48,38.43,64.99,65.85,11.89,10.36,0.97,29.51,6.39,19.75,6.62,NA,NA,NA,21.80,79.85,0.60,232.66,0.00,0.00,114.78,750.24,0.02
2021-12-25 00:00:00,75.28,149.07,22.84,56.17,48.48,12.44,12.45,0.76,19.28,3.50,13.46,4.91,NA,NA,NA,22.72,79.70,0.63,239.54,0.00,0.00,108.84,750.39,-0.03
2021-12-26 00:00:00,67.93,129.44,17.92,52.81,42.69,11.03,16.23,0.74,20.68,3.31,21.98,4.16,NA,NA,NA,23.69,78.43,0.60,237.28,0.00,0.00,97.18,751.49,-0.03
2021-12-27 00:00:00,63.18,137.52,18.48,52.16,42.82,11.15,10.96,0.73,22.54,3.62,11.93,5.29,NA,NA,NA,24.39,76.15,0.52,200.53,0.00,0.00,112.95,752.31,0.01
2021-12-28 00:00:00,65.82,145.76,42.82,54.76,63.94,13.54,11.66,0.71,24.75,3.85,14.01,5.11,NA,NA,NA,24.29,75.20,0.62,174.83,0.00,0.00,113.74,751.68,0.03
2021-12-29 00:00:00,54.87,101.28,5.16,23.56,16.73,12.10,15.18,0.54,29.07,2.38,8.22,2.30,NA,NA,NA,24.14,78.45,0.71,130.86,0.00,0.00,82.53,751.34,0.05
2021-12-30 00:00:00,54.47,110.73,5.53,19.23,14.76,11.72,16.34,0.52,27.89,2.31,6.75,2.05,NA,NA,NA,23.36,74.00,1.79,121.67,0.00,0.00,115.56,753.09,0.11
2021-12-31 00:00:00,29.44,67.26,4.32,21.20,14.84,11.94,16.97,0.45,30.72,1.75,5.55,1.58,NA,NA,NA,23.32,71.43,1.63,121.46,0.00,0.00,117.15,753.63,0.08
